"indicator","ISO Country code","GDP ($ USD billions PPP) 2018","GDP ($ USD billions PPP) 2019","GDP ($ USD billions PPP) 2020","GDP ($ USD billions PPP) 2021","GDP per capita in $ (PPP) 2018","GDP per capita in $ (PPP) 2019","GDP per capita in $ (PPP) 2020","GDP per capita in $ (PPP) 2021","health expenditure % of GDP 2014","health expenditure % of GDP 2015","health expenditure % of GDP 2016","health expenditure % of GDP 2017","health expenditure % of GDP 2018","health expenditure % of GDP 2019","health expenditure % of GDP 2020","health expenditure % of GDP 2021","health expenditure % of GDP 2021 or latest","health expenditure per person 2015","health expenditure per person 2018","health expenditure per person 2019","unemployment (%) 2018","unemployment (%) 2021","Military Spending as % of GDP 2021","Military Spending as % of GDP 2019"
"Afghanistan","AFG","75.60","78.60","76.70","75.60","2,082","2,152","2,078","2,105","3.70","3.26","3.51","3.37","3.20","3.21","0","0","3.21","184","70","65.80","8.50","13.28","0.00%","1.20%"
"Albania","ALB","38.20","39","37.60","40.80","13,498","13,999","13,632","15,646","3.05","3.44","3.96","3.61","0","3.92","3.10","0","3.92","774","274.90","0","16.30","11.82","1.42%","1.30%"
"Algeria","DZA","491.10","496.10","470.80","488.90","11,909","12,008","11,323","12,037","0","0","7.34","6.51","5.87","6.10","0","0","6.10","1,031","256","248.20","11.20","12.70","5.59%","6.00%"
"Angola","AGO","215.10","213.60","201.90","203.30","7,149","6,995","6,478","6,581","3.12","3.49","2.75","2.47","2.04","1.93","2.42","0","2.42","196","87.30","71.30","6.60","8.53","1.13%","1.60%"
"Argentina","ARG","1,012.1","991.60","893.50","985.20","23,291","22,997","20,769","23,627","5.36","5.78","5.55","5.45","4.88","4.72","0","0","4.72","1,390","1,127.9","946","6.60","10.90","0.57%","0.70%"
"Armenia","ARM","37.50","40.40","37.40","39.50","13,019","14,230","13,311","14,630","2.25","2.81","2.76","2.71","2.26","2.56","2.71","0","2.71","883","422.30","524","16.80","20.90","4.44%","4.90%"
"Australia","AUS","1,224.9","1,250.8","1,250.7","1,269.2","50,169","51,748","53,317","55,807","5.16","5.32","5.29","5.14","5.12","0","0","0","5.12","4,492","5,364.5","5,427.5","5.70","5.11","1.98%","1.90%"
"Austria","AUT","488.50","495.80","462.40","483.10","56,960","58,076","55,686","58,427","5.45","5.46","5.48","5.37","5.22","0","0","0","5.22","5,138","5,322.3","5,242.2","6.10","6.30","0.80%","0.70%"
"Azerbaijan","AZE","141.20","144.80","138.50","146.30","14,549","15,052","14,479","15,843","2.63","2.95","2.90","2.47","2.46","2.68","0","0","2.46","1,191","168.40","193.10","5.10","6.58","5.27%","4.00%"
"Bahamas","BHS","14","14.20","10.80","12.30","37,066","38,064","29,065","34,108","2.50","2.25","2.33","2.42","2.25","2.29","2.37","2.78","2.78","1,699","2,002.4","2,004.6","15.30","13.24","0.00%","0.00%"
"Bahrain","BHR","72.80","74.40","70.70","72.30","47,486","47,224","43,821","45,411","2.47","2.67","2.87","2.32","2.37","2.09","2.15","0","2.15","2,453","994.20","940.40","1.30","1.87","3.56%","3.70%"
"Bangladesh","BGD","838.80","904.90","936.10","1,001.1","5,322","5,784","5,995","6,613","0","0","1.54","0","0","1.33","0","0","1.33","88","41.90","45.90","4.10","5.23","1.27%","1.30%"
"Barbados","BRB","4.50","4.40","3.80","3.90","15,989","16,154","14,046","14,817","6.14","5.38","4.71","4.37","5.43","3.20","3.06","6.45","6.45","1,234","1,164.5","1,143.3","11.40","10.41","0.00%","0.00%"
"Belarus","BLR","179.10","181.60","180","184.50","19,428","20,093","20,238","21,699","4.82","4.79","4.95","4.79","5.38","4.98","4.95","0","4.95","1,085","351","399.40","0.50","4.74","1.16%","1.20%"
"Belgium","BEL","584.40","596.70","562.80","598","52,535","54,278","53,070","58,931","6.59","6.45","6.46","6.43","6.38","0","0","0","6.38","4,782","5,134.4","4,960.4","8.30","6.42","1.08%","0.90%"
"Belize","BLZ","2.70","2.80","2.30","2.60","7,319","7,455","6,166","6,921","6.61","6.87","7.29","7.45","7.47","7.14","7.53","8.71","8.71","524","286","293.40","11","8.22","1.25%","1.20%"
"Benin","BEN","36.30","38.80","40.30","42.90","3,236","3,426","3,505","3,789","3.16","3.17","2.90","3.54","2.93","2.97","3","0","3","84","31.10","29.10","1","1.57","0.56%","0.70%"
"Bhutan","BTN","8.60","9.10","8.10","8.30","11,620","12,366","11,129","11,800","6.04","7.59","6.99","7.23","6.85","5.68","0","0","5.68","287","102.70","116","2.40","4.33","0.00%","0.00%"
"Bolivia","BOL","98.30","100.40","91.70","97.30","8,862","9,093","8,283","9,030","8.26","8.94","8.85","8.66","8.90","0","0","0","8.90","446","235.70","245.90","3.70","8.51","1.54%","1.40%"
"Bosnia and Herzegovina","BIH","47.80","49.20","47.60","51","14,918","15,711","15,598","16,846","0","0","0","0","0","0","0","0","0","1,102","539.90","553.80","25.80","15.22","0.89%","0.90%"
"Botswana","BWA","36.60","37.80","34.50","38.40","16,610","17,097","15,471","17,604","0","7.81","7.97","7.30","6.72","6.91","8.74","0","8.74","970","494.20","481.50","18.40","24.72","2.86%","2.80%"
"Brazil","BRA","3,072.5","3,110.1","2,989.4","3,127.5","15,019","15,358","14,834","16,056","5.95","6.24","6.31","6.32","6.09","0","0","0","6.09","1,392","866.20","853.40","11.50","14.40","1.19%","1.50%"
"Brunei","BRN","25.90","26.90","27.20","26.80","61,832","64,719","65,607","66,620","3.35","0","4.43","0","0","0","0","0","0","2,083","763.10","671.60","2","7.65","3.26%","3.30%"
"Bulgaria","BGR","156","162.30","155.20","161.70","23,016","24,498","24,564","26,705","0","0","0","4.08","0","0","0","0","0","1,492","689.90","697.90","8","5.42","1.59%","3.20%"
"Burkina Faso","BFA","41.80","44.20","45.10","48.20","2,168","2,267","2,274","2,462","4.05","3.67","0","5.63","5.49","5.70","5.52","0","5.52","96","40.30","42.30","3","4.76","2.89%","2.40%"
"Burundi","BDI","8.50","8.70","8.70","8.80","780","783","771","793","6.78","6.37","4.69","4.76","5.08","5.35","5.04","0","5.04","64","22.40","20.60","1.60","1.79","1.92%","1.80%"
"Cabo Verde","CPV","3.70","3.90","3.40","3.60","7,028","7,475","6,376","7,028","4.96","5.27","5.29","5.18","5.37","4.73","7.58","0","7.58","310","190.50","177.90","10.50","0","0.00%","0.00%"
"Cambodia","KHM","67.60","72.40","70.10","72.20","4,259","4,574","4,423","4,683","1.91","2.60","2.80","3.20","2.16","0","0","0","2.16","210","92.90","113.30","0.30","15.42","2.32%","2.30%"
"Cameroon","CMR","93.60","96.90","97.30","100.70","3,801","3,901","3,867","4,064","2.58","2.66","2.56","3.06","3.03","3.08","3.17","0","3.17","163","53.20","54","4.50","0.61","1.02%","1.10%"
"Canada","CAN","1,814.8","1,848.9","1,752.2","1,832.1","49,993","49,299","46,572","52,085","0","0","0","0","0","0","0","0","0","4,600","5,018.7","5,048.4","7.10","3.87","1.32%","1.30%"
"Central African Republic","CAF","4.40","4.50","4.50","4.60","955","986","989","1,021","2.22","1.91","1.75","1.75","1.57","1.77","2.17","0","2.17","32","53.70","37.20","6.90","7.51","1.86%","1.50%"
"Chad","TCD","24.40","25.20","24.80","24.50","1,614","1,646","1,592","1,591","2.60","2.40","2.30","2.45","2.26","2.37","2.91","0","2.91","100","29.70","29.90","5.80","1.88","2.79%","2.20%"
"Chile","CHL","468.90","472.50","444.20","496.10","25,527","25,323","25,089","29,104","4.73","4.88","5.34","5.42","5.43","0","0","0","5.43","1,903","1,455.1","1,375.8","6.60","9.13","1.96%","1.80%"
"China","CHN","21,229.4","22,492.6","22,996.4","24,861.3","15,496","16,652","17,189","19,338","3.73","3.82","3.79","3.67","3.54","3.54","3.57","0","3.57","762","501.10","535.10","4.60","4.82","1.74%","1.90%"
"Colombia","COL","710.90","733.50","681.80","753.90","15,044","15,673","14,868","16,894","4.63","4.47","4.48","4.54","4.45","4.51","4.93","0","4.93","853","513.20","495.30","9.90","14.34","3.40%","3.20%"
"Comoros","COM","2.60","2.60","2.60","2.70","3,147","3,188","3,148","3,284","2.74","2.55","0","0","0","0","0","0","0","121","69.40","72.30","20","9.45","0.00%","0.00%"
"Congo (Dem. Rep.)","COD","91.30","95.30","96.90","102.50","1,112","1,144","1,142","1,219","1.95","2.17","2.12","1.45","0","0","2.45","2.70","2.70","34","18.50","20.60","3.60","5.43","0.56%","2.70%"
"Congo (Rep.)","COG","20.60","20.60","19.30","18.60","4,022","3,987","3,689","3,617","3.18","3.28","5.24","4.45","3","3.58","4.45","0","4.45","203","49.50","48.60","11.20","23.01","2.91%","0.70%"
"Costa Rica","CRI","103.40","105.90","101.60","109.30","21,319","22,632","22,244","23,387","6.68","6.87","6.89","7.07","6.77","6.80","6.71","0","6.71","1,286","909.70","921.60","9","17.95","0.00%","0.00%"
"Cote d'Ivoire","CIV","126.20","134","136.70","146.30","5,154","5,433","5,465","5,940","3.31","3.49","3.97","3.80","3.24","3.72","3.44","0","3.44","190","72.20","75.10","9.30","3.47","1.25%","1.10%"
"Croatia","HRV","115.20","119.30","109.60","121.10","28,877","30,544","28,780","33,801","0","0","0","3.85","3.91","0","0","0","0","1,656","1,014.2","1,040.1","13.50","8.68","2.74%","1.70%"
"Cuba","CUB","0","0","0","0","0","0","0","0","0","0","0","0","0","0","0","0","0","0","986.90","1,031.9","2.90","2.76","0.00%","2.90%"
"Cyprus","CYP","34.80","36.60","34.80","36.70","40,559","42,339","39,593","42,556","6.44","6.33","6.15","5.72","0","0","0","0","0","2,137","1,981.8","1,996.5","11.70","6.13","1.99%","1.60%"
"Czech Republic","CZE","424.50","437.30","412","425.80","41,135","42,847","41,608","44,261","3.97","5.75","5.55","3.81","4.27","0","0","0","4.27","2,470","1,765.6","1,844.2","4","2.89","1.43%","1.20%"
"Denmark","DNK","325.50","332.40","325.50","340.80","57,483","58,701","60,230","64,651","7.63","0","0","7.75","6.79","0","0","0","6.79","5,083","6,216.8","6,003.3","6.10","4.80","1.37%","1.30%"
"Djibouti","DJI","4.90","5.10","5.20","5.40","5,181","5,482","5,533","5,926","0","3.59","3.92","3.75","3.63","0","0","0","3.63","147","71.10","61.80","6.60","28.39","0","3.70%"
"Dominican Republic","DOM","188.20","197.70","184.40","207.10","18,135","19,190","17,934","20,769","3.96","3.82","3.85","3.92","3.93","4.04","4.62","0","4.62","873","461.50","491.10","14.40","8.50","0.65%","0.70%"
"Ecuador","ECU","197.50","197.50","182.20","189.90","11,838","11,850","10,890","11,661","5.26","5","4.36","4.61","4.62","4.23","4.13","0","4.13","980","495.20","486.50","5.40","6.43","2.46%","2.30%"
"Egypt","EGY","1,118.7","1,180.9","1,223.0","1,263.7","11,638","12,260","12,606","13,316","4.25","3.93","4.05","4.02","3.98","2.61","2.48","0","2.48","495","125.50","149.80","12","9.33","1.30%","1.20%"
"El Salvador","SLV","55.30","56.60","51.80","57.40","8,822","9,147","8,420","9,669","3.82","3.91","3.83","3.73","3.61","3.39","0","0","3.39","578","288.50","300.10","6.30","5.94","1.37%","1.20%"
"Equatorial Guinea","GNQ","26.70","25.20","24.20","23.90","20,873","19,385","18,158","18,127","0","0","0","0","0","0","0","0","0","790","310.60","254.90","7.30","9.24","1.31%","1.10%"
"Eritrea","ERI","0","0","0","0","0","0","0","0","0","0","0","0","0","0","0","0","0","56","24","25.30","7.30","8.05","0.00%","0.00%"
"Estonia","EST","46.40","48.30","46.90","50.80","36,249","37,851","37,645","42,192","4.39","5.14","5.16","4.96","5.26","0","0","0","5.26","1,887","1,552.6","1,598.8","6.90","6.33","2.16%","2.10%"
"Eswatini","SWZ","9.70","9.90","9.80","10.50","8,725","9,018","8,865","9,816","7.07","5.36","5.41","6.14","5.68","5.65","5.34","5","5","0","298.10","264.10","25.30","25.76","1.70%","1.80%"
"Ethiopia","ETH","229.80","249","264.10","278.90","2,154","2,315","2,423","2,600","4.60","4.74","5.06","5.65","5.07","0","0","0","5.07","66","24.30","26.70","5.70","3.69","0.53%","0.60%"
"Fiji","FJI","12.20","12.20","10.30","9.90","14,177","14,262","12,158","12,060","4.27","4.81","4.84","4.65","4.84","5.07","0","0","5.07","331","216.10","235.70","7.90","5.24","1.65%","1.60%"
"Finland","FIN","265","268.30","262.10","271.20","49,581","50,322","50,937","55,007","7.10","7.03","6.85","6.36","6.28","0","0","0","6.28","3,669","4,515.7","4,450.3","9","7.53","2.03%","1.50%"
"France","FRA","3,038.6","3,094.6","2,851.6","3,050.1","46,577","49,072","46,991","50,729","5.71","5.64","5.52","5.45","5.41","0","0","0","5.41","4,542","4,657.8","4,491.7","10","8.06","1.95%","1.90%"
"Gabon","GAB","31.20","32.50","31.90","32.40","15,096","15,577","15,105","15,598","2.67","2.99","2.66","3.33","2.93","2.73","3.18","0","3.18","481","218.50","215","18.50","22.26","1.71%","1.60%"
"Gambia, The","GMB","4.90","5.20","5.20","5.50","2,210","2,320","2,277","2,434","2.23","2.16","2.02","2.46","2.37","2.79","2.76","0","2.76","0","35.80","29.70","29.70","11.21","0.75%","0.80%"
"Georgia","GEO","53.10","55.80","52","57.40","14,594","15,622","14,731","16,997","3","3.16","3.59","3.57","3.52","3.81","3.85","0","3.85","718","312.70","291.10","11.60","10.66","1.67%","2.00%"
"Germany","DEU","4,434.4","4,481.2","4,276.4","4,400.1","55,235","55,653","54,845","57,928","4.92","4.86","4.84","4.87","4.98","0","0","0","4.98","5,357","5,482.0","5,440.3","4.30","3.54","1.34%","1.30%"
"Ghana","GHA","158.20","168.50","169.40","178.50","5,442","5,774","5,750","6,178","4.40","4.43","4.39","3.53","3.89","0","0","0","3.89","249","76.80","75.30","5.80","4.70","0.49%","0.40%"
"Greece","GRC","312.80","318.40","289.70","313.80","29,618","30,356","27,949","31,295","3.71","3.66","3.53","3.48","3.60","0","0","0","3.60","2,204","1,572.7","1,500.6","23.90","14.80","3.87%","2.60%"
"Guatemala","GTM","138.30","143.70","141.50","152.10","8,664","9,019","8,853","9,769","2.99","3.03","2.94","2.95","3.14","3.20","3.30","0","3.30","444","259.60","271","2.40","3.57","0.44%","0.40%"
"Guinea","GIN","31","32.80","34.30","35.40","2,559","2,675","2,754","2,879","2.42","2.52","2.54","2.32","2.38","1.85","2.20","0","2.20","57","35.70","43","6.80","6.34","1.48%","2.00%"
"Guinea-Bissau","GNB","3.60","3.70","3.60","3.80","1,947","2,021","1,949","2,057","2.20","2.30","2.30","2.20","2.14","2.95","2.71","0","2.71","100","61.20","62.60","6.50","6.76","1.78%","1.40%"
"Guyana","GUY","9.70","10.20","14.70","17.60","12,776","13,634","19,703","24,494","4.36","3.90","4.74","4.66","4.45","0","0","0","4.45","336","301.40","325.90","11.40","16.42","0.96%","1.70%"
"Haiti","HTI","35.20","34.60","33.50","32.90","3,241","3,203","3,095","3,127","1.75","1.86","1.40","1.50","1.63","0","0","0","1.63","120","63.10","57","13.20","15.73","0.19%","0.00%"
"Honduras","HND","54.50","55.90","50.90","57.30","5,816","5,978","5,420","6,253","7.09","6.41","5.16","4.94","6.06","4.91","6.44","0","6.44","353","180.90","187.60","6.30","8.51","1.61%","1.60%"
"Hungary","HUN","304.20","318.10","303.90","325.50","62,514","62,103","58,980","65,973","4.60","4.49","4.61","4.61","4.62","0","0","0","4.62","1,912","1,074.0","1,062.4","5.20","4.12","1.64%","1.20%"
"Iceland","ISL","20","20.50","19.20","19.90","31,913","33,515","33,274","36,753","7.64","7.46","7.43","7.58","7.56","0","0","0","7.56","4,116","6,565.9","6,275.0","3.80","5.40","0.00%","0.00%"
"India","IND","8,811.1","9,140.5","8,537.6","9,301.5","6,670","6,972","6,525","7,334","0","4.11","4.25","4.31","4.36","4.41","4.47","0","4.47","238","60.30","63.70","3.50","5.98","2.66%","2.40%"
"Indonesia","IDN","3,043.9","3,196.7","3,130.6","3,246.2","11,643","12,311","12,072","12,904","3.29","3.58","3.50","2.67","3","2.84","0","0","2.84","369","111.70","120.10","5.60","4.41","0.70%","0.70%"
"Iran","IRN","1,252.5","1,235.7","1,257.5","0","15,677","15,533","15,791","15,800","2.80","2.80","3.37","3.79","3.96","3.66","3.59","0","3.59","1,262","484.30","470.40","11.30","11.46","2.30%","2.30%"
"Iraq","IRQ","405.70","428.10","379.60","390.20","10,808","11,349","9,954","10,409","0","4.49","4.71","0","0","0","0","0","0","481","239.40","253.30","16","14.19","2.28%","3.50%"
"Ireland","IRL","407.50","427.60","452.60","513.70","84,556","87,380","93,350","106,456","4.88","3.76","3.74","3.51","3.39","0","0","0","3.39","5,335","5,484.2","5,428.6","8.10","6.63","0.26%","0.30%"
"Israel","ISR","354.50","367.80","359.90","389.40","39,906","40,004","39,489","43,722","5.77","5.86","5.86","6.06","6.11","0","0","0","6.11","2,819","3,329.2","3,456.4","5.60","5.05","5.17%","5.30%"
"Italy","ITA","2,540.5","2,553.2","2,322.8","2,477.1","43,036","44,376","41,988","45,936","4.06","4.07","3.82","4.04","4.26","0","0","0","4.26","3,351","3,000.7","2,905.5","11.50","9.83","1.52%","1.40%"
"Jamaica","JAM","28.60","28.80","25.90","27.10","9,967","10,190","9,241","10,026","6.02","5.46","5.31","5.26","5.41","5.16","5.62","6.03","6.03","511","319.90","327.40","13.30","9.18","1.41%","1.60%"
"Japan","JPN","5,293.0","5,280.3","5,042.3","5,124.0","42,116","42,283","42,100","42,940","3.55","0","3.15","3.13","3.08","0","0","0","3.08","4,405","4,256.1","4,360.5","3.10","2.80","1.07%","0.90%"
"Jordan","JOR","99.80","101.70","100.20","102.40","10,253","10,496","10,354","10,952","3.80","3.45","3.45","3.23","2.98","2.99","0","0","2.99","568","335.20","334","13.20","19.25","5.02%","4.70%"
"Kazakhstan","KAZ","466.90","487.90","475.70","494.70","26,155","27,464","26,750","28,600","3.42","2.79","2.98","2.75","2.62","2.86","0","0","2.86","903","275.90","273","5.20","4.90","0.87%","1.10%"
"Kenya","KEN","223","234.40","233.90","251.40","4,443","4,647","4,587","5,024","4.72","4.74","4.90","4.96","5.11","4.97","5.08","4.80","4.80","157","73.50","83.40","11","5.74","1.12%","1.20%"
"Korea (Dem. Peopleâ€™s Rep.)","PRK","0","0","0","0","2,198","2,192","2,172","2,182","11.23","9.86","10.09","10.86","11.97","12.39","0","0","12.39","0","0","0","4.30","2.59","0.00%","0.00%"
"Korea (Rep.)","KOR","2,164.8","2,213.4","2,194.5","2,282.8","0","0","0","0","0","0","0","0","0","0","0","0","0","0","2,543.6","2,624.5","3.70","3.53","2.78%","2.70%"
"Kosovo","KOS","19.30","20.20","19.20","20.90","43,044","42,998","45,226","46,918","0","0","4.33","4.33","4.46","0","0","0","4.46","0","0","0","0","0","0.94%","0.80%"
"Kuwait","KWT","211.30","210.10","191.50","190","52,291","52,055","47,303","47,000","4.40","4.77","5.85","6.37","6.39","6.49","6.55","0","6.55","2,978","1,733.8","1,758.7","2.40","3.71","6.69%","5.60%"
"Kyrgyzstan","KGZ","32.50","33.90","31.10","32.20","5,256","5,480","4,985","5,288","5.53","5.99","6.59","6.03","5.55","5.37","0","0","5.55","287","65.70","62.10","7.70","9.10","1.67%","1.50%"
"Laos","LAO","53.60","56.50","56.80","58.30","7,774","8,220","8,238","8,674","2.94","0","0","2.52","2.37","2.30","2.23","0","2.23","0","57.70","68.20","1.50","1.26","0.00%","0.20%"
"Latvia","LVA","57.90","59.40","57.10","59.70","30,877","31,883","31,425","34,469","5.28","5.28","4.66","4.37","4.24","0","0","0","4.24","1,429","1,101.5","1,166.8","9.90","7.60","2.28%","2.00%"
"Lebanon","LBN","106.70","99.40","73.60","65.90","15,933","15,105","11,377","10,691","2","2.10","2.12","2.13","2.52","2.59","0","0","2.52","1,117","695.10","663.10","6.80","14.49","0.00%","4.20%"
"Lesotho","LSO","5.50","5.60","5.20","5.30","2,677","2,768","2,569","2,682","7.20","9","7.76","8.16","7.29","7.99","7.67","8.70","8.70","251","124.70","124.20","27.40","24.60","1.29%","1.50%"
"Liberia","LBR","7.40","7.30","7","7.30","1,581","1,532","1,468","1,553","2.20","2.17","2.15","2.66","2.50","2.27","2.31","2.69","2.69","128","61.20","52.60","4","4.09","0.95%","0.50%"
"Libya","LBY","166.70","148","112.60","147.90","25,557","22,764","17,286","23,357","0","0","0","0","0","0","0","0","0","0","0","0","19.20","19.58","0.00%","15.50%"
"Lithuania","LTU","99.30","103.80","103.70","108.90","36,376","38,541","38,881","42,665","4.49","4.23","4","3.81","3.89","0","0","0","3.89","1,875","1,249.0","1,370.0","9.20","7.90","2.02%","2.00%"
"Luxembourg","LUX","69.90","72.20","71","75.80","116,966","117,342","117,846","134,754","3.86","3.77","0","3.49","3.65","0","0","0","3.65","6,382","6,227.1","6,220.7","5.90","5.23","0.63%","0.60%"
"Macedonia","MKD","33.50","34.80","32.70","34","16,796","17,546","16,720","17,918","2.05","3","3.10","2.71","2.73","3.06","6.30","0","6.30","857","399.10","436.90","26.70","16.20","1.54%","1.20%"
"Madagascar","MDG","41.80","43.70","40.50","42.30","1,630","1,687","1,544","1,635","2.38","2.21","2.69","2.70","2.84","2.99","3.10","0","3.10","77","22.30","19.80","2.10","2.59","0.77%","0.60%"
"Malawi","MWI","27.20","28.60","28.90","29.70","1,532","1,602","1,591","1,658","4.84","5.61","4.75","4.03","3.32","3.71","2.91","0","2.91","108","37.40","30.40","6.70","7.02","0.95%","0.90%"
"Malaysia","MYS","869.50","908.10","856.80","883.60","28,236","29,621","27,921","29,617","5.21","4.89","4.75","4.68","4.48","4.16","3.92","0","3.92","1,064","426.50","436.60","3.30","4.61","1.06%","1.00%"
"Maldives","MDV","9.70","10.40","6.90","9","19,243","20,334","13,442","18,232","3.09","3.89","3.69","3.89","3.91","4.12","0","0","4.12","1,514","786.40","854.40","3.20","6.08","0.00%","0.00%"
"Mali","MLI","43.60","45.60","45.10","46.50","2,338","2,420","2,348","2,447","3.65","3.80","3.09","3.79","3.91","3.48","3.76","0","3.76","118","33.40","34.30","8.10","7.72","2.82%","2.70%"
"Malta","MLT","21.60","22.90","21","22.90","45,569","47,408","43,243","47,714","7","5.02","5.08","4.65","0","0","0","0","0","3,471","2,753.5","2,531.9","5.30","3.50","0.51%","0.60%"
"Mauritania","MRT","22.90","24.20","23.80","24.30","5,317","5,570","5,390","5,592","0","0","1.94","0","0","1.82","1.88","0","1.88","177","57.30","57.90","11.70","11.46","2.38%","2.80%"
"Mauritius","MUS","28.10","28.90","24.60","25.60","22,739","23,835","20,529","22,240","4.92","4.89","5.01","5.02","4.83","4.72","4.61","0","4.61","1,099","656.60","685.90","7.80","7.41","0.17%","0.20%"
"Mexico","MEX","2,514.8","2,510.1","2,305.1","2,415.7","20,096","19,863","18,671","20,036","5.26","5.23","4.91","4.52","4.25","0","0","0","4.25","1,009","521","540.40","4","4.38","0.68%","0.50%"
"Moldova","MDA","33.50","34.70","32.20","36.60","12,659","13,576","12,942","15,637","6.27","5.81","5.61","5.62","5.44","6.10","6.39","0","6.39","515","276.50","284.30","5","3.96","0.41%","0.40%"
"Mongolia","MNG","38.10","40.30","38.40","39","12,316","13,013","12,366","12,863","4.71","4.22","5.18","4.07","6.17","4.94","0","0","4.94","470","159.40","163.40","6.70","7.08","0.66%","0.70%"
"Montenegro","MNE","12.90","13.40","11.30","12.80","21,513","23,073","19,990","22,795","0","0","0","0","0","0","0","0","0","957","731.50","735.20","17.50","18.49","1.74%","1.60%"
"Morocco","MAR","272.50","279.60","262","281.40","7,625","7,865","7,369","8,144","0","4.65","0","5.12","5.35","5.93","6.75","0","6.75","435","174.80","174.20","10","11.47","4.18%","3.10%"
"Mozambique","MOZ","38","38.90","38.40","39.30","1,321","1,336","1,297","1,342","6.88","6.01","5.87","5.51","5.45","6.08","6.26","0","6.26","64","40.70","39.50","24.40","3.98","1.51%","0.90%"
"Myanmar","MMR","240","256.20","264.30","216.80","4,575","4,940","5,123","4,345","1.90","2.10","1.90","2.33","2.16","2.14","0","0","2.16","267","59.20","60","0.80","2.17","3.33%","0.00%"
"Namibia","NAM","24.70","24.50","22.50","23.10","10,328","10,223","9,359","9,805","9.58","9.85","10.64","9.71","8.88","8.93","9.45","9.64","9.64","942","464.50","427.30","25.60","21.68","3.00%","3.00%"
"Nepal","NPL","106","113.10","110.40","115.10","13,960","14,097","14,337","15,103","3.47","3.26","3.90","4.77","4.43","4.24","4.39","0","4.39","151","51.10","53.20","3.20","5.05","1.34%","1.60%"
"Netherlands","NLD","966","984.90","947.50","995.20","57,827","59,004","59,267","63,767","5.46","5.35","5.48","5.18","5.36","0","0","0","5.36","5,313","5,337.0","5,335.3","6.20","4.01","1.42%","1.30%"
"New Zealand","NZL","210","214.70","212","221.80","42,521","45,555","44,658","46,420","6.34","6.33","6.41","6.26","6.05","0","0","0","6.05","3,530","4,037.5","4,211.0","5.20","4.12","1.37%","1.50%"
"Nicaragua","NIC","37","35.60","35","38.60","5,867","5,676","5,574","6,332","4.08","4.08","4.08","4.36","4.47","4.60","4.63","0","4.63","406","173.50","160.80","5.90","5.96","0.60%","0.70%"
"Niger","NER","26.90","28.50","29.60","30","1,229","1,276","1,288","1,310","5.10","4.49","2.96","2.58","3.46","3.53","3.84","0","3.84","68","30.30","31.40","2.60","0.75","1.84%","1.80%"
"Nigeria","NGA","1,009.7","1,032.0","1,013.5","1,050.5","5,278","5,352","5,186","5,459","0","0","0","0","0","0","0","0","0","215","66.50","71.50","5","9.79","0.97%","0.50%"
"Norway","NOR","341.80","344.30","341.90","355.30","69,808","66,799","62,645","79,201","7.70","7.57","8.03","7.91","7.64","0","0","0","7.64","6,222","8,271.9","8,007.4","4.80","4.99","1.84%","1.70%"
"Oman","OMN","157.40","155.60","150.70","149","33,373","32,604","31,118","30,940","0","0","0","5.84","5.21","5.41","0","0","5.41","1,636","678","624.70","17.50","3.12","7.34%","8.80%"
"Pakistan","PAK","1,123.6","1,151.6","1,136.3","1,204.9","5,421","5,542","5,426","5,878","2.47","2.65","3","2.90","0","2.51","0","0","2.51","134","42.90","39.50","5.90","4.35","3.83%","4.00%"
"Panama","PAN","129.60","133.50","109.60","126.40","31,781","32,767","26,780","31,680","0","2.84","2.85","2.88","2.88","3.13","3.91","0","3.91","1,543","1,131.7","1,192.8","5.80","12.09","...","0.00%"
"Papua New Guinea","PNG","36.10","37.70","36.40","36.90","4,290","4,474","4,286","4,445","0","0","0","1.96","1.87","0","0","0","1.87","99","63.50","65.10","2.50","2.75","0.38%","0.40%"
"Paraguay","PRY","89.20","88.90","88.10","91.80","13,134","13,148","13,035","13,976","4.79","3.34","0","3.09","3.28","3.47","3.30","0","3.30","724","390","388.40","5.40","7.21","0.97%","1.00%"
"Peru","PER","408.90","418","372.20","421.90","13,087","13,401","11,908","13,895","3.70","3.97","3.81","3.93","3.71","3.82","4.25","0","4.25","671","365.90","370.10","4.90","4.83","1.12%","1.20%"
"Philippines","PHL","908.30","963.80","872.10","921.80","8,720","9,291","8,394","9,120","2.79","3.33","3.57","4.40","3.13","3.23","3.88","0","3.88","323","128.60","142.10","5.90","2.41","1.04%","1.00%"
"Poland","POL","1,202.8","1,259.9","1,227.9","1,298.3","31,953","33,798","34,287","37,503","4.94","4.81","4.63","4.56","4.62","0","0","0","4.62","1,704","978.70","1,014.0","6.20","3.37","2.12%","2.00%"
"Portugal","PRT","350.10","359.50","329.10","345.20","34,929","36,172","34,177","35,888","5.12","4.89","0","5.02","4.68","0","0","0","4.68","2,661","2,216.3","2,221.4","11.20","6.65","2.07%","1.90%"
"Qatar","QAT","253","255","245.70","249.50","93,143","93,844","89,961","93,521","3.61","0","0","2.97","0","2.80","3.23","0","3.23","3,900","1,730.2","1,807.2","0.20","0.26","4.81%","1.50%"
"Romania","ROU","555.50","578.70","557","589.80","29,342","31,867","32,202","35,414","3.12","3.11","2.98","3.10","3.34","0","0","0","3.34","1,090","687.20","738.60","6.40","5.17","1.95%","2.00%"
"Russia","RUS","3,914.0","4,000.0","3,892.7","4,080.3","28,821","30,068","29,916","32,803","4.01","3.83","3.76","4.69","4.68","0","0","0","4.68","1,414","609","653.40","5.70","5.01","4.08%","3.90%"
"Rwanda","RWA","25.70","28.10","27.20","30.10","2,139","2,322","2,214","2,494","4.20","3.65","3.44","3.13","3.07","3.24","3.33","3.82","3.82","143","52.30","51.40","2.50","1.61","1.55%","1.20%"
"Saudi Arabia","SAU","1,605.3","1,610.6","1,544.0","1,594.0","48,768","48,984","46,778","49,551","0","0","8.51","8.02","7.09","6.79","7.81","0","7.81","3,121","1,341.5","1,316.3","5.50","7.36","6.59%","8.00%"
"Senegal","SEN","52.50","54.90","55.60","59","3,389","3,510","3,504","3,769","5.72","5.46","5.11","4.62","4.86","5.35","5.50","0","5.50","97","61.80","59.10","9.50","3.72","1.76%","1.50%"
"Serbia","SRB","121.90","127.10","125.90","135.30","17,718","18,822","19,094","21,432","3.93","3.79","3.63","3.71","3.58","3.62","0","0","3.58","1,324","617.10","641","16.50","11.81","2.09%","2.20%"
"Sierra Leone","SLE","12.70","13.30","13.10","13.50","1,694","1,777","1,727","1,816","2.66","3.06","3.06","4.66","6.99","7.45","8.81","0","8.81","256","44.30","46.20","3","5.33","0.61%","0.70%"
"Singapore","SGP","554.50","560.60","537.30","578.30","100,686","102,431","99,681","116,486","2.92","2.86","2.87","2.77","2.86","2.74","2.51","0","2.51","3,681","2,667.7","2,632.7","1.80","3.62","2.98%","3.20%"
"Slovakia","SVK","169.70","174.10","166.50","171.60","31,215","31,967","31,356","33,010","4.23","4.59","3.91","3.94","3.97","0","0","0","3.97","2,062","1,299.9","1,342.1","10","6.74","1.71%","1.80%"
"Slovenia","SVN","78.80","81.30","77.90","84.20","38,962","40,671","39,725","43,625","5.29","4.91","4.79","4.78","4.94","0","0","0","4.94","2,734","2,169.6","2,219.1","8.70","4.42","1.22%","1.10%"
"Solomon Islands","SLB","833.90","850.90","801.90","832.10","2,762","2,773","2,618","2,656","9.81","10.13","12","12.11","10.81","11.13","12.75","0","12.75","173","96.40","111.90","31.40","1.03","0.00%","0.00%"
"Somalia","SOM","1.80","1.80","1.70","1.70","1,157","1,237","1,246","1,302","0","0","0","0","0","0","0","0","0","0","0","0","6.60","19.86","0.00%","0.00%"
"South Africa","ZAF","17","18.30","18.80","19.40","14,207","14,289","13,359","14,420","5.49","5.48","5.44","5.60","5.64","5.92","6.19","0","6.19","1,086","564.50","546.70","25.90","33.56","0.00%","1.00%"
"South Sudan","SSD","801.90","802.80","751.20","788.10","0","0","0","0","1.23","1.47","1.54","0","0","0","0","0","0","71","26.70","22.60","0","13.91","2.37%","3.40%"
"Spain","ESP","1,883.9","1,923.2","1,715.1","1,803.0","40,696","41,695","37,756","40,775","4.30","4.29","4.23","4.21","4.18","0","0","0","0","3,183","2,740.3","2,711.2","19.40","14.73","1.37%","1.20%"
"Sri Lanka","LKA","278.70","285.20","274.90","284.90","13,168","13,632","13,227","14,127","1.93","2.23","0","0","2.14","1.93","0","0","1.93","353","162.10","160.70","5","5.39","1.88%","1.90%"
"Sudan","SDN","182.70","178.70","172.20","172.40","4,474","4,350","4,142","4,217","0","0","0","0","0","0","0","0","0","277","59.50","46.90","13.30","19.81","1.02%","1.60%"
"Suriname","SUR","10.90","11.10","9.30","9","19,460","19,840","16,733","16,676","0","5.53","5.64","5.46","4.92","6.83","5.01","0","5.01","1,017","475","619.20","10","10.06","0.00%","0.00%"
"Sweden","SWE","532.70","543.20","527.30","552.60","53,522","54,599","55,065","59,324","7.57","7.44","7.62","7.57","7.64","0","0","0","7.64","5,299","6,005.1","5,671.4","7.10","8.66","1.28%","1.10%"
"Switzerland","CHE","601.10","608.40","593.80","615.70","71,660","72,034","71,745","77,324","4.88","4.94","4.93","4.95","4.86","0","0","0","4.86","7,583","9,870.7","9,666.3","4.60","5.32","0.71%","0.70%"
"Syria","SYR","0","0","0","0","0","0","0","0","0","0","0","0","0","0","0","0","0","0","0","0","14.30","10.57","0.00%","4.10%"
"Taiwan","TWN","0","0","0","0","0","0","0","0","0","0","0","0","0","0","0","0","0","0","0","0","4","0","1.74%","1.70%"
"Tajikistan","TJK","31.10","33.40","34.90","38.10","3,497","3,733","3,854","4,288","0","4.97","5.76","5.84","5.56","5.71","0","0","5.71","193","59.80","61.90","10.80","7.75","1.01%","1.20%"
"Tanzania","TZA","141.60","149.80","152.80","159.30","2,652","2,773","2,780","2,933","3.38","4.19","4.10","4.43","3.70","3.60","3.23","3.30","3.30","96","42","40.30","2.60","2.65","1.07%","1.30%"
"Thailand","THA","1,256.8","1,283.8","1,204.3","1,223.1","18,534","19,217","18,198","19,209","3.72","3.76","3.64","3.36","3.06","2.97","0","0","2.97","610","278.60","296.20","0.60","1.42","1.32%","1.30%"
"Timor-Leste","TLS","3.90","4.70","5.20","5.40","3,168","3,780","4,141","4,418","7.52","8.45","8.08","7.03","6.73","0","0","0","0","141","93.60","92.70","4","5.07","1.14%","1.00%"
"Togo","TGO","16.30","17.10","17.50","18.40","2,111","2,211","2,223","2,380","4.78","5.11","3.69","3.76","4.04","4.07","3.99","0","3.99","96","54.90","51.20","6.80","4","1.78%","3.10%"
"Trinidad and Tobago","TTO","37.50","37.40","34.70","34.30","27,617","27,960","26,125","26,868","5.33","3.39","3.95","3.58","3.30","3.70","4.10","0","4.10","2,204","1,143.2","1,167.9","3.90","4.80","0.89%","0.70%"
"Tunisia","TUN","131.80","133.60","121.90","126","11,670","11,903","10,879","11,595","6.88","6.22","7.32","0","0","0","0","0","0","774","236.70","233.10","14.80","16.82","2.83%","2.60%"
"Turkiye","TUR","2,331.7","2,352.5","2,394.7","2,657.8","27,961","26,867","27,235","30,472","0","0","0","0","4.29","0","0","0","0","996","389.90","396.50","10.30","13.39","2.06%","2.70%"
"Turkmenistan","TKM","86.90","92.30","0","0","15,200","16,194","16,500","17,000","0","0","0","0","0","3.12","0","0","3.12","1,004","460.30","500","8.60","5.08","0.00%","0.00%"
"Uganda","UGA","90.80","96.60","99.50","102.90","2,176","2,275","2,294","2,398","1.91","2.32","2.14","2.25","2.13","1.53","2.59","2.67","2.67","139","32.10","32.40","2.30","2.94","2.42%","2.10%"
"Ukraine","UKR","521.50","538.20","518","535.60","12,632","13,345","13,087","14,220","5.87","5.74","5.01","5.42","5.32","5.44","0","0","5.44","469","222.50","248.10","8.90","8.88","3.23%","3.40%"
"United Arab Emirates","ARE","645","667","626.10","0","68,568","71,145","66,766","67,000","0","0","0","0","0","3.87","3.88","0","3.88","2,426","1,817.3","1,842.7","3.70","3.36","0.00%","5.60%"
"United Kingdom","GBR","3,113.9","3,165.9","2,872.4","3,086.2","47,573","49,041","46,527","49,675","5.56","5.51","5.38","5.38","5.17","0","0","0","0","4,145","4,270.2","4,312.9","4.80","4.53","2.22%","1.70%"
"United States","USA","20,048.2","20,507.1","19,808.9","20,932.3","62,805","65,095","63,028","69,288","0","4.95","4.80","5.11","4.91","0","0","0","0","9,536","10,515.3","10,921.0","4.90","5.46","3.48%","3.40%"
"Uruguay","URY","79.50","79.70","74.90","78.10","23,585","24,005","22,728","24,625","4.58","4.55","4.38","4.47","4.66","4.70","0","0","4.70","1,748","1,686.1","1,661.0","8.20","10.45","2.26%","2.00%"
"Uzbekistan","UZB","233.40","246.80","251.40","270.10","7,252","7,658","7,746","8,497","5.71","5.49","5.38","5.03","5.90","7","4.92","0","4.92","383","82.30","98.60","8.90","7.16","0.00%","3.60%"
"Venezuela","VEN","0","0","0","0","0","0","0","0","0","1.93","1.19","1.34","1.36","1.29","1.25","1.30","0","579","464","338.80","6.90","6.41","0.00%","0.50%"
"Vietnam","VNM","912.30","977.60","1,006.3","1,032.4","9,777","10,562","10,904","11,553","4.59","4.47","4.34","4.09","4.17","4.06","0","0","4.06","334","163.20","180.70","2.20","2.17","0.00%","2.00%"
"Yemen","YEM","0","0","0","0","0","0","0","0","0","0","0","0","0","0","0","0","0","144","0","0","17.10","13.57","0.00%","4.00%"
"Zambia","ZMB","61.10","62","60.30","62.40","3,606","3,617","3,457","3,624","5.20","4.62","3.75","3.73","4.74","4.47","3.70","0","3.70","203","76.30","69.30","7.50","13.03","1.30%","1.20%"
"Zimbabwe","ZWE","36.10","33.80","31.70","33.60","2,557","2,408","2,251","2,444","6.14","5.81","5.47","5.82","3.87","0","0","0","3.87","182","141.40","103","5.10","5.17","0.01%","0.70%"
